Month,Oil_BOPD,Oil_Monthly_BBL,Oil_Cum_BBL,Gas_MCFD,Gas_Monthly_MCF,Gas_Cum_MCF,NGL_BPD,NGL_Monthly_BBL,NGL_Cum_BBL
1,391.3348,11912.23,11912.23,987.5702,30061.64,30061.64,49.3785,1503.08,1503.08
2,364.8887,11107.21,23019.44,928.5479,28265.00,58326.63,46.4274,1413.25,2916.33
3,342.0797,10412.91,33432.35,877.0547,26697.55,85024.18,43.8527,1334.88,4251.21
4,322.1888,9807.43,43239.78,831.6882,25316.59,110340.77,41.5844,1265.83,5517.04
5,304.6766,9274.36,52514.13,791.3793,24089.59,134430.36,39.5690,1204.48,6721.52
6,289.1304,8801.13,61315.26,755.2977,22991.26,157421.62,37.7649,1149.56,7871.08
7,275.2287,8377.96,69693.22,722.7883,22001.67,179423.29,36.1394,1100.08,8971.16
8,262.7173,7997.11,77690.34,693.3268,21104.87,200528.16,34.6663,1055.24,10026.41
9,251.3925,7652.39,85342.73,666.4884,20287.91,220816.07,33.3244,1014.40,11040.80
10,241.0889,7338.75,92681.47,641.9252,19540.20,240356.27,32.0963,977.01,12017.81
11,231.6708,7052.06,99733.53,619.3489,18852.98,259209.25,30.9674,942.65,12960.46
12,223.0259,6788.91,106522.44,598.5191,18218.92,277428.17,29.9260,910.95,13871.41
13,215.0603,6546.44,113068.88,579.2331,17631.85,295060.03,28.9617,881.59,14753.00
14,207.6949,6322.23,119391.11,561.3190,17086.55,312146.57,28.0659,854.33,15607.33
15,200.8626,6114.26,125505.37,544.6299,16578.53,328725.11,27.2315,828.93,16436.26
16,194.5059,5920.76,131426.13,529.0397,16103.97,344829.08,26.4520,805.20,17241.45
17,188.5757,5740.24,137166.37,514.4391,15659.53,360488.60,25.7220,782.98,18024.43
18,183.0292,5571.41,142737.78,500.7332,15242.32,375730.92,25.0367,762.12,18786.55
19,177.8293,5413.12,148150.90,487.8391,14849.82,390580.74,24.3920,742.49,19529.04
20,172.9437,5264.41,153415.31,475.6839,14479.82,405060.56,23.7842,723.99,20253.03
21,168.3441,5124.39,158539.71,464.2035,14130.35,419190.92,23.2102,706.52,20959.55
22,164.0052,4992.32,163532.02,453.3409,13799.70,432990.61,22.6670,689.98,21649.53
23,159.9050,4867.51,168399.53,443.0458,13486.31,446476.93,22.1523,674.32,22323.85
24,156.0237,4749.36,173148.89,433.2729,13188.83,459665.75,21.6636,659.44,22983.29
25,152.3438,4637.35,177786.24,423.9821,12906.02,472571.77,21.1991,645.30,23628.59
26,148.8496,4530.98,182317.22,415.1371,12636.77,485208.54,20.7569,631.84,24260.43
27,145.5270,4429.84,186747.06,406.7053,12380.11,497588.65,20.3353,619.01,24879.43
28,142.3633,4333.54,191080.60,398.6572,12135.12,509723.78,19.9329,606.76,25486.19
29,139.3471,4241.73,195322.33,390.9662,11901.01,521624.79,19.5483,595.05,26081.24
30,136.4680,4154.09,199476.41,383.6082,11677.03,533301.82,19.1804,583.85,26665.09
31,133.7166,4070.33,203546.75,376.5611,11462.52,544764.34,18.8281,573.13,27238.22
32,131.0843,3990.21,207536.95,369.8048,11256.86,556021.20,18.4902,562.84,27801.06
33,128.5634,3913.47,211450.42,363.3209,11059.49,567080.69,18.1660,552.97,28354.03
34,126.1468,3839.91,215290.33,357.0927,10869.90,577950.59,17.8546,543.50,28897.53
35,123.8279,3769.32,219059.65,351.1047,10687.63,588638.21,17.5552,534.38,29431.91
36,121.6008,3701.53,222761.18,345.3427,10512.23,599150.45,17.2671,525.61,29957.52
37,119.4599,3636.36,226397.54,339.7937,10343.32,609493.77,16.9897,517.17,30474.69
38,117.4002,3573.66,229971.20,334.4455,10180.52,619674.29,16.7223,509.03,30983.71
39,115.4171,3513.30,233484.50,329.2871,10023.50,629697.79,16.4644,501.17,31484.89
40,113.5062,3455.13,236939.62,324.3081,9871.94,639569.73,16.2154,493.60,31978.49
41,111.6635,3399.04,240338.66,319.4989,9725.55,649295.27,15.9749,486.28,32464.76
42,109.8854,3344.91,243683.57,314.8506,9584.05,658879.33,15.7425,479.20,32943.97
43,108.1684,3292.65,246976.22,310.3550,9447.21,668326.53,15.5177,472.36,33416.33
44,106.5094,3242.15,250218.37,306.0043,9314.77,677641.30,15.3002,465.74,33882.07
45,104.9053,3193.32,253411.68,301.7914,9186.53,686827.83,15.0896,459.33,34341.39
46,103.3535,3146.08,256557.76,297.7095,9062.28,695890.11,14.8855,453.11,34794.51
47,101.8512,3100.35,259658.12,293.7525,8941.83,704831.94,14.6876,447.09,35241.60
48,100.3962,3056.06,262714.18,289.9143,8824.99,713656.93,14.4957,441.25,35682.85
49,98.9861,3013.14,265727.31,286.1896,8711.61,722368.54,14.3095,435.58,36118.43
50,97.6189,2971.52,268698.83,282.5731,8601.53,730970.07,14.1287,430.08,36548.50
51,96.2925,2931.15,271629.98,279.0601,8494.59,739464.65,13.9530,424.73,36973.23
52,95.0052,2891.96,274521.94,275.6459,8390.66,747855.31,13.7823,419.53,37392.77
53,93.7551,2853.91,277375.84,272.3262,8289.61,756144.92,13.6163,414.48,37807.25
54,92.5407,2816.94,280192.78,269.0971,8191.32,764336.24,13.4549,409.57,38216.81
55,91.3603,2781.01,282973.79,265.9548,8095.66,772431.90,13.2977,404.78,38621.60
56,90.2126,2746.07,285719.86,262.8955,8002.54,780434.44,13.1448,400.13,39021.72
57,89.0961,2712.08,288431.94,259.9160,7911.84,788346.29,12.9958,395.59,39417.31
58,88.0095,2679.01,291110.95,257.0131,7823.48,796169.76,12.8507,391.17,39808.49
59,86.9517,2646.81,293757.76,254.1836,7737.35,803907.11,12.7092,386.87,40195.36
60,85.9215,2615.45,296373.21,251.4248,7653.37,811560.49,12.5712,382.67,40578.02
61,84.9177,2584.89,298958.11,248.7339,7571.46,819131.95,12.4367,378.57,40956.60
62,83.9394,2555.11,301513.22,246.1083,7491.54,826623.48,12.3054,374.58,41331.17
63,82.9855,2526.08,304039.30,243.5456,7413.53,834037.01,12.1773,370.68,41701.85
64,82.0552,2497.76,306537.06,241.0435,7337.36,841374.38,12.0522,366.87,42068.72
65,81.1475,2470.13,309007.19,238.5997,7262.98,848637.35,11.9300,363.15,42431.87
66,80.2616,2443.16,311450.35,236.2122,7190.30,855827.65,11.8106,359.51,42791.38
67,79.3967,2416.84,313867.19,233.8789,7119.27,862946.92,11.6939,355.96,43147.35
68,78.5521,2391.12,316258.31,231.5979,7049.84,869996.76,11.5799,352.49,43499.84
69,77.7269,2366.01,318624.32,229.3675,6981.95,876978.71,11.4684,349.10,43848.94
70,76.9206,2341.46,320965.78,227.1858,6915.54,883894.25,11.3593,345.78,44194.71
71,76.1325,2317.47,323283.26,225.0513,6850.56,890744.81,11.2526,342.53,44537.24
72,75.3619,2294.02,325577.28,222.9624,6786.98,897531.78,11.1481,339.35,44876.59
73,74.6083,2271.08,327848.35,220.9175,6724.73,904256.51,11.0459,336.24,45212.83
74,73.8711,2248.64,330096.99,218.9153,6663.78,910920.30,10.9458,333.19,45546.01
75,73.1497,2226.68,332323.66,216.9543,6604.09,917524.38,10.8477,330.20,45876.22
76,72.4436,2205.18,334528.85,215.0333,6545.61,924070.00,10.7517,327.28,46203.50
77,71.7523,2184.14,336712.99,213.1509,6488.31,930558.31,10.6575,324.42,46527.92
78,71.0754,2163.54,338876.52,211.3060,6432.15,936990.46,10.5653,321.61,46849.52
79,70.4124,2143.35,341019.88,209.4974,6377.10,943367.56,10.4749,318.86,47168.38
80,69.7628,2123.58,343143.46,207.7240,6323.12,949690.68,10.3862,316.16,47484.53
81,69.1263,2104.20,345247.66,205.9848,6270.18,955960.86,10.2992,313.51,47798.04
82,68.5024,2085.21,347332.88,204.2787,6218.24,962179.11,10.2139,310.91,48108.96
83,67.8908,2066.60,349399.47,202.6048,6167.29,968346.40,10.1302,308.36,48417.32
84,67.2911,2048.34,351447.81,200.9621,6117.29,974463.68,10.0481,305.86,48723.18
85,66.7028,2030.43,353478.25,199.3497,6068.20,980531.88,9.9675,303.41,49026.59
86,66.1258,2012.87,355491.12,197.7667,6020.02,986551.90,9.8883,301.00,49327.60
87,65.5597,1995.64,357486.75,196.2124,5972.70,992524.61,9.8106,298.64,49626.23
88,65.0041,1978.72,359465.48,194.6859,5926.24,998450.85,9.7343,296.31,49922.54
89,64.4588,1962.12,361427.60,193.1864,5880.59,1004331.44,9.6593,294.03,50216.57
90,63.9234,1945.83,363373.43,191.7132,5835.75,1010167.19,9.5857,291.79,50508.36
91,63.3977,1929.83,365303.26,190.2656,5791.68,1015958.87,9.5133,289.58,50797.94
92,62.8814,1914.11,367217.37,188.8429,5748.38,1021707.25,9.4421,287.42,51085.36
93,62.3743,1898.67,369116.04,187.4444,5705.81,1027413.06,9.3722,285.29,51370.65
94,61.8761,1883.51,370999.55,186.0695,5663.96,1033077.02,9.3035,283.20,51653.85
95,61.3866,1868.61,372868.16,184.7176,5622.80,1038699.82,9.2359,281.14,51934.99
96,60.9055,1853.96,374722.12,183.3881,5582.33,1044282.15,9.1694,279.12,52214.11
97,60.4326,1839.57,376561.69,182.0804,5542.53,1049824.68,9.1040,277.13,52491.23
98,59.9678,1825.42,378387.11,180.7939,5503.37,1055328.05,9.0397,275.17,52766.40
99,59.5107,1811.51,380198.61,179.5282,5464.84,1060792.89,8.9764,273.24,53039.64
100,59.0612,1797.82,381996.44,178.2826,5426.92,1066219.81,8.9141,271.35,53310.99
101,58.6191,1784.37,383780.80,177.0568,5389.61,1071609.42,8.8528,269.48,53580.47
102,58.1843,1771.13,385551.93,175.8501,5352.88,1076962.29,8.7925,267.64,53848.11
103,57.7564,1758.11,387310.04,174.6622,5316.72,1082279.01,8.7331,265.84,54113.95
104,57.3355,1745.29,389055.33,173.4926,5281.12,1087560.13,8.6746,264.06,54378.01
105,56.9212,1732.68,390788.01,172.3409,5246.06,1092806.19,8.6170,262.30,54640.31
106,56.5135,1720.27,392508.28,171.2066,5211.53,1098017.71,8.5603,260.58,54900.89
107,56.1121,1708.05,394216.33,170.0893,5177.52,1103195.23,8.5045,258.88,55159.76
108,55.7169,1696.02,395912.36,168.9887,5144.01,1108339.25,8.4494,257.20,55416.96
109,55.3278,1684.18,397596.54,167.9043,5111.01,1113450.25,8.3952,255.55,55672.51
110,54.9447,1672.52,399269.05,166.8357,5078.48,1118528.73,8.3418,253.92,55926.44
111,54.5673,1661.03,400930.08,165.7827,5046.43,1123575.16,8.2891,252.32,56178.76
112,54.1956,1649.71,402579.80,164.7448,5014.83,1128589.99,8.2372,250.74,56429.50
113,53.8294,1638.57,404218.36,163.7218,4983.69,1133573.68,8.1861,249.18,56678.68
114,53.4686,1627.59,405845.95,162.7133,4952.99,1138526.68,8.1357,247.65,56926.33
115,53.1131,1616.76,407462.71,161.7189,4922.72,1143449.40,8.0859,246.14,57172.47
116,52.7628,1606.10,409068.81,160.7384,4892.88,1148342.28,8.0369,244.64,57417.11
117,52.4175,1595.59,410664.40,159.7715,4863.44,1153205.72,7.9886,243.17,57660.29
118,52.0771,1585.23,412249.63,158.8178,4834.41,1158040.14,7.9409,241.72,57902.01
119,51.7415,1575.01,413824.64,157.8772,4805.78,1162845.92,7.8939,240.29,58142.30
120,51.4107,1564.94,415389.58,156.9492,4777.53,1167623.45,7.8475,238.88,58381.17
121,51.0845,1555.01,416944.59,156.0337,4749.67,1172373.12,7.8017,237.48,58618.66
122,50.7628,1545.22,418489.81,155.1304,4722.17,1177095.28,7.7565,236.11,58854.76
123,50.4455,1535.56,420025.38,154.2390,4695.04,1181790.32,7.7120,234.75,59089.52
124,50.1326,1526.04,421551.41,153.3593,4668.26,1186458.58,7.6680,233.41,59322.93
125,49.8239,1516.64,423068.05,152.4911,4641.83,1191100.41,7.6246,232.09,59555.02
126,49.5194,1507.37,424575.42,151.6341,4615.74,1195716.15,7.5817,230.79,59785.81
127,49.2189,1498.22,426073.64,150.7881,4589.99,1200306.14,7.5394,229.50,60015.31
128,48.9224,1489.20,427562.84,149.9529,4564.57,1204870.70,7.4976,228.23,60243.54
129,48.6298,1480.29,429043.13,149.1282,4539.46,1209410.17,7.4564,226.97,60470.51
130,48.3410,1471.50,430514.63,148.3139,4514.68,1213924.84,7.4157,225.73,60696.24
131,48.0560,1462.82,431977.46,147.5098,4490.20,1218415.04,7.3755,224.51,60920.75
132,47.7746,1454.26,433431.71,146.7156,4466.02,1222881.06,7.3358,223.30,61144.05
133,47.4969,1445.80,434877.52,145.9311,4442.14,1227323.21,7.2966,222.11,61366.16
134,47.2226,1437.46,436314.98,145.1563,4418.56,1231741.76,7.2578,220.93,61587.09
135,46.9519,1429.21,437744.19,144.3908,4395.26,1236137.02,7.2195,219.76,61806.85
136,46.6845,1421.08,439165.27,143.6346,4372.24,1240509.26,7.1817,218.61,62025.46
137,46.4204,1413.04,440578.30,142.8874,4349.49,1244858.75,7.1444,217.47,62242.94
138,46.1596,1405.10,441983.40,142.1491,4327.02,1249185.77,7.1075,216.35,62459.29
139,45.9020,1397.26,443380.66,141.4195,4304.81,1253490.58,7.0710,215.24,62674.53
140,45.6476,1389.51,444770.17,140.6985,4282.86,1257773.44,7.0349,214.14,62888.67
141,45.3962,1381.86,446152.03,139.9859,4261.17,1262034.61,6.9993,213.06,63101.73
142,45.1479,1374.30,447526.34,139.2815,4239.73,1266274.34,6.9641,211.99,63313.72
143,44.9025,1366.83,448893.17,138.5852,4218.53,1270492.88,6.9293,210.93,63524.64
144,44.6601,1359.45,450252.62,137.8940,4197.49,1274690.37,6.8947,209.87,63734.52
145,44.4205,1352.16,451604.78,137.2063,4176.56,1278866.93,6.8603,208.83,63943.35
146,44.1837,1344.95,452949.73,136.5220,4155.73,1283022.66,6.8261,207.79,64151.13
147,43.9497,1337.83,454287.56,135.8410,4135.00,1287157.66,6.7921,206.75,64357.88
148,43.7184,1330.79,455618.35,135.1635,4114.38,1291272.04,6.7582,205.72,64563.60
149,43.4897,1323.83,456942.17,134.4894,4093.86,1295365.90,6.7245,204.69,64768.29
150,43.2637,1316.95,458259.12,133.8186,4073.44,1299439.33,6.6909,203.67,64971.97
151,43.0402,1310.14,459569.26,133.1512,4053.12,1303492.46,6.6576,202.66,65174.62
152,42.8192,1303.42,460872.68,132.4871,4032.91,1307525.36,6.6244,201.65,65376.27
153,42.6008,1296.77,462169.45,131.8263,4012.79,1311538.16,6.5913,200.64,65576.91
154,42.3848,1290.19,463459.64,131.1688,3992.78,1315530.94,6.5584,199.64,65776.55
155,42.1711,1283.69,464743.33,130.5146,3972.87,1319503.80,6.5257,198.64,65975.19
156,41.9598,1277.26,466020.59,129.8637,3953.05,1323456.85,6.4932,197.65,66172.84
157,41.7509,1270.90,467291.48,129.2160,3933.33,1327390.19,6.4608,196.67,66369.51
158,41.5426,1264.56,468556.04,128.5715,3913.72,1331303.91,6.4286,195.69,66565.20
159,41.3355,1258.25,469814.29,127.9303,3894.20,1335198.10,6.3965,194.71,66759.91
160,41.1293,1251.98,471066.27,127.2922,3874.78,1339072.88,6.3646,193.74,66953.64
161,40.9242,1245.73,472312.00,126.6574,3855.45,1342928.33,6.3329,192.77,67146.42
162,40.7200,1239.52,473551.52,126.0256,3836.22,1346764.55,6.3013,191.81,67338.23
163,40.5170,1233.34,474784.86,125.3971,3817.09,1350581.64,6.2699,190.85,67529.08
164,40.3149,1227.18,476012.04,124.7717,3798.05,1354379.69,6.2386,189.90,67718.98
165,40.1138,1221.06,477233.10,124.1494,3779.11,1358158.79,6.2075,188.96,67907.94
166,39.9137,1214.97,478448.08,123.5302,3760.26,1361919.05,6.1765,188.01,68095.95
167,39.7147,1208.91,479656.99,122.9141,3741.50,1365660.56,6.1457,187.08,68283.03
168,39.5166,1202.88,480859.88,122.3010,3722.84,1369383.40,6.1151,186.14,68469.17
169,39.3195,1196.89,482056.76,121.6910,3704.28,1373087.68,6.0846,185.21,68654.38
170,39.1234,1190.92,483247.68,121.0841,3685.80,1376773.48,6.0542,184.29,68838.67
171,38.9283,1184.98,484432.66,120.4802,3667.42,1380440.89,6.0240,183.37,69022.04
172,38.7341,1179.07,485611.72,119.8793,3649.13,1384090.02,5.9940,182.46,69204.50
173,38.5409,1173.19,486784.91,119.2814,3630.93,1387720.94,5.9641,181.55,69386.05
174,38.3487,1167.33,487952.24,118.6865,3612.82,1391333.76,5.9343,180.64,69566.69
175,38.1574,1161.51,489113.75,118.0945,3594.80,1394928.56,5.9047,179.74,69746.43
176,37.9671,1155.72,490269.47,117.5055,3576.87,1398505.43,5.8753,178.84,69925.27
177,37.7778,1149.95,491419.43,116.9195,3559.03,1402064.46,5.8460,177.95,70103.22
178,37.5893,1144.22,492563.65,116.3363,3541.28,1405605.73,5.8168,177.06,70280.29
179,37.4019,1138.51,493702.16,115.7561,3523.62,1409129.35,5.7878,176.18,70456.47
180,37.2153,1132.83,494835.00,115.1788,3506.04,1412635.39,5.7589,175.30,70631.77
181,37.0297,1127.18,495962.18,114.6043,3488.56,1416123.95,5.7302,174.43,70806.20
182,36.8450,1121.56,497083.74,114.0327,3471.16,1419595.10,5.7016,173.56,70979.76
183,36.6613,1115.97,498199.71,113.4640,3453.84,1423048.95,5.6732,172.69,71152.45
184,36.4784,1110.40,499310.11,112.8981,3436.62,1426485.56,5.6449,171.83,71324.28
185,36.2965,1104.86,500414.98,112.3350,3419.48,1429905.04,5.6167,170.97,71495.25
186,36.1154,1099.35,501514.33,111.7747,3402.42,1433307.46,5.5887,170.12,71665.37
187,35.9353,1093.87,502608.20,111.2172,3385.45,1436692.92,5.5609,169.27,71834.65
188,35.7561,1088.42,503696.62,110.6625,3368.57,1440061.48,5.5331,168.43,72003.07
189,35.5778,1082.99,504779.61,110.1106,3351.77,1443413.25,5.5055,167.59,72170.66
190,35.4003,1077.59,505857.19,109.5614,3335.05,1446748.30,5.4781,166.75,72337.41
191,35.2237,1072.21,506929.40,109.0150,3318.42,1450066.72,5.4507,165.92,72503.34
192,35.0481,1066.86,507996.26,108.4713,3301.87,1453368.58,5.4236,165.09,72668.43
193,34.8733,1061.54,509057.81,107.9303,3285.40,1456653.98,5.3965,164.27,72832.70
194,34.6993,1056.25,510114.05,107.3920,3269.01,1459922.99,5.3696,163.45,72996.15
195,34.5263,1050.98,511165.03,106.8564,3252.71,1463175.70,5.3428,162.64,73158.78
196,34.3541,1045.74,512210.77,106.3234,3236.48,1466412.18,5.3162,161.82,73320.61
197,34.1827,1040.52,513251.29,105.7931,3220.34,1469632.52,5.2897,161.02,73481.63
198,34.0122,1035.33,514286.63,105.2655,3204.28,1472836.81,5.2633,160.21,73641.84
199,33.8426,1030.17,515316.80,104.7405,3188.30,1476025.11,5.2370,159.41,73801.26
200,33.6738,1025.03,516341.83,104.2181,3172.40,1479197.50,5.2109,158.62,73959.88
201,33.5059,1019.92,517361.75,103.6983,3156.58,1482354.08,5.1849,157.83,74117.70
202,33.3388,1014.83,518376.58,103.1811,3140.83,1485494.91,5.1591,157.04,74274.75
203,33.1725,1009.77,519386.35,102.6665,3125.17,1488620.08,5.1333,156.26,74431.00
204,33.0070,1004.73,520391.08,102.1544,3109.58,1491729.66,5.1077,155.48,74586.48
205,32.8424,999.72,521390.80,101.6449,3094.07,1494823.73,5.0822,154.70,74741.19
206,32.6786,994.74,522385.54,101.1379,3078.64,1497902.37,5.0569,153.93,74895.12
207,32.5156,989.78,523375.32,100.6335,3063.28,1500965.65,5.0317,153.16,75048.28
208,32.3534,984.84,524360.16,100.1316,3048.01,1504013.66,5.0066,152.40,75200.68
209,32.1921,979.93,525340.08,99.6322,3032.80,1507046.46,4.9816,151.64,75352.32
210,32.0315,975.04,526315.12,99.1353,3017.68,1510064.14,4.9568,150.88,75503.21
211,31.8718,970.18,527285.30,98.6408,3002.63,1513066.77,4.9320,150.13,75653.34
212,31.7128,965.34,528250.64,98.1489,2987.65,1516054.42,4.9074,149.38,75802.72
213,31.5546,960.52,529211.16,97.6594,2972.75,1519027.17,4.8830,148.64,75951.36
214,31.3973,955.73,530166.89,97.1723,2957.92,1521985.09,4.8586,147.90,76099.25
215,31.2407,950.97,531117.86,96.6876,2943.17,1524928.26,4.8344,147.16,76246.41
216,31.0848,946.22,532064.08,96.2054,2928.49,1527856.76,4.8103,146.42,76392.84
217,30.9298,941.50,533005.58,95.7256,2913.89,1530770.64,4.7863,145.69,76538.53
218,30.7755,936.81,533942.39,95.2481,2899.35,1533670.00,4.7624,144.97,76683.50
219,30.6221,932.14,534874.53,94.7731,2884.89,1536554.89,4.7387,144.24,76827.74
220,30.4693,927.49,535802.01,94.3004,2870.50,1539425.39,4.7150,143.53,76971.27
221,30.3174,922.86,536724.87,93.8301,2856.19,1542281.58,4.6915,142.81,77114.08
222,30.1662,918.26,537643.13,93.3621,2841.94,1545123.52,4.6681,142.10,77256.18
223,30.0157,913.68,538556.81,92.8964,2827.77,1547951.29,4.6448,141.39,77397.56
224,29.8660,909.12,539465.93,92.4331,2813.66,1550764.95,4.6217,140.68,77538.25
225,29.7170,904.59,540370.52,91.9721,2799.63,1553564.59,4.5986,139.98,77678.23
226,29.5688,900.07,541270.59,91.5134,2785.67,1556350.25,4.5757,139.28,77817.51
227,29.4213,895.59,542166.18,91.0570,2771.77,1559122.03,4.5528,138.59,77956.10
228,29.2746,891.12,543057.30,90.6028,2757.95,1561879.98,4.5301,137.90,78094.00
229,29.1286,886.67,543943.97,90.1509,2744.19,1564624.17,4.5075,137.21,78231.21
230,28.9833,882.25,544826.22,89.7013,2730.51,1567354.68,4.4851,136.53,78367.73
231,28.8388,877.85,545704.08,89.2539,2716.89,1570071.57,4.4627,135.84,78503.58
232,28.6949,873.47,546577.55,88.8088,2703.34,1572774.91,4.4404,135.17,78638.75
233,28.5518,869.12,547446.67,88.3658,2689.86,1575464.76,4.4183,134.49,78773.24
234,28.4094,864.78,548311.45,87.9251,2676.44,1578141.21,4.3963,133.82,78907.06
235,28.2677,860.47,549171.92,87.4866,2663.09,1580804.30,4.3743,133.15,79040.21
236,28.1267,856.18,550028.10,87.0502,2649.81,1583454.11,4.3525,132.49,79172.71
237,27.9865,851.91,550880.00,86.6161,2636.59,1586090.70,4.3308,131.83,79304.53
238,27.8469,847.66,551727.66,86.1841,2623.44,1588714.14,4.3092,131.17,79435.71
239,27.7080,843.43,552571.09,85.7542,2610.36,1591324.50,4.2877,130.52,79566.23
240,27.5698,839.22,553410.32,85.3265,2597.34,1593921.84,4.2663,129.87,79696.09