Month,Oil_BOPD_per_ft,Oil_Monthly_BBL_per_ft,Oil_Cum_BBL_per_ft,Gas_MCFD_per_ft,Gas_Monthly_MCF_per_ft,Gas_Cum_MCF_per_ft,NGL_BPD_per_ft,NGL_Monthly_BBL_per_ft,NGL_Cum_BBL_per_ft
1,0.0371,1.13,1.13,0.0935,2.85,2.85,0.0047,0.14,0.14
2,0.0346,1.05,2.18,0.0879,2.68,5.52,0.0044,0.13,0.28
3,0.0324,0.99,3.17,0.0831,2.53,8.05,0.0042,0.13,0.40
4,0.0305,0.93,4.09,0.0788,2.40,10.45,0.0039,0.12,0.52
5,0.0289,0.88,4.97,0.0749,2.28,12.73,0.0037,0.11,0.64
6,0.0274,0.83,5.81,0.0715,2.18,14.91,0.0036,0.11,0.75
7,0.0261,0.79,6.60,0.0684,2.08,16.99,0.0034,0.10,0.85
8,0.0249,0.76,7.36,0.0657,2.00,18.99,0.0033,0.10,0.95
9,0.0238,0.72,8.08,0.0631,1.92,20.91,0.0032,0.10,1.05
10,0.0228,0.69,8.78,0.0608,1.85,22.76,0.0030,0.09,1.14
11,0.0219,0.67,9.44,0.0587,1.79,24.55,0.0029,0.09,1.23
12,0.0211,0.64,10.09,0.0567,1.73,26.27,0.0028,0.09,1.31
13,0.0204,0.62,10.71,0.0549,1.67,27.94,0.0027,0.08,1.40
14,0.0197,0.60,11.31,0.0532,1.62,29.56,0.0027,0.08,1.48
15,0.0190,0.58,11.88,0.0516,1.57,31.13,0.0026,0.08,1.56
16,0.0184,0.56,12.45,0.0501,1.52,32.65,0.0025,0.08,1.63
17,0.0179,0.54,12.99,0.0487,1.48,34.14,0.0024,0.07,1.71
18,0.0173,0.53,13.52,0.0474,1.44,35.58,0.0024,0.07,1.78
19,0.0168,0.51,14.03,0.0462,1.41,36.99,0.0023,0.07,1.85
20,0.0164,0.50,14.53,0.0450,1.37,38.36,0.0023,0.07,1.92
21,0.0159,0.49,15.01,0.0440,1.34,39.70,0.0022,0.07,1.98
22,0.0155,0.47,15.49,0.0429,1.31,41.00,0.0021,0.07,2.05
23,0.0151,0.46,15.95,0.0420,1.28,42.28,0.0021,0.06,2.11
24,0.0148,0.45,16.40,0.0410,1.25,43.53,0.0021,0.06,2.18
25,0.0144,0.44,16.84,0.0401,1.22,44.75,0.0020,0.06,2.24
26,0.0141,0.43,17.26,0.0393,1.20,45.95,0.0020,0.06,2.30
27,0.0138,0.42,17.68,0.0385,1.17,47.12,0.0019,0.06,2.36
28,0.0135,0.41,18.09,0.0378,1.15,48.27,0.0019,0.06,2.41
29,0.0132,0.40,18.50,0.0370,1.13,49.40,0.0019,0.06,2.47
30,0.0129,0.39,18.89,0.0363,1.11,50.50,0.0018,0.06,2.53
31,0.0127,0.39,19.28,0.0357,1.09,51.59,0.0018,0.05,2.58
32,0.0124,0.38,19.65,0.0350,1.07,52.65,0.0018,0.05,2.63
33,0.0122,0.37,20.02,0.0344,1.05,53.70,0.0017,0.05,2.69
34,0.0119,0.36,20.39,0.0338,1.03,54.73,0.0017,0.05,2.74
35,0.0117,0.36,20.74,0.0332,1.01,55.74,0.0017,0.05,2.79
36,0.0115,0.35,21.09,0.0327,1.00,56.74,0.0016,0.05,2.84
37,0.0113,0.34,21.44,0.0322,0.98,57.72,0.0016,0.05,2.89
38,0.0111,0.34,21.78,0.0317,0.96,58.68,0.0016,0.05,2.93
39,0.0109,0.33,22.11,0.0312,0.95,59.63,0.0016,0.05,2.98
40,0.0107,0.33,22.44,0.0307,0.93,60.57,0.0015,0.05,3.03
41,0.0106,0.32,22.76,0.0303,0.92,61.49,0.0015,0.05,3.07
42,0.0104,0.32,23.08,0.0298,0.91,62.39,0.0015,0.05,3.12
43,0.0102,0.31,23.39,0.0294,0.89,63.29,0.0015,0.04,3.16
44,0.0101,0.31,23.69,0.0290,0.88,64.17,0.0014,0.04,3.21
45,0.0099,0.30,24.00,0.0286,0.87,65.04,0.0014,0.04,3.25
46,0.0098,0.30,24.30,0.0282,0.86,65.90,0.0014,0.04,3.29
47,0.0096,0.29,24.59,0.0278,0.85,66.75,0.0014,0.04,3.34
48,0.0095,0.29,24.88,0.0275,0.84,67.58,0.0014,0.04,3.38
49,0.0094,0.29,25.16,0.0271,0.82,68.41,0.0014,0.04,3.42
50,0.0092,0.28,25.44,0.0268,0.81,69.22,0.0013,0.04,3.46
51,0.0091,0.28,25.72,0.0264,0.80,70.03,0.0013,0.04,3.50
52,0.0090,0.27,26.00,0.0261,0.79,70.82,0.0013,0.04,3.54
53,0.0089,0.27,26.27,0.0258,0.79,71.60,0.0013,0.04,3.58
54,0.0088,0.27,26.53,0.0255,0.78,72.38,0.0013,0.04,3.62
55,0.0087,0.26,26.80,0.0252,0.77,73.15,0.0013,0.04,3.66
56,0.0085,0.26,27.06,0.0249,0.76,73.90,0.0012,0.04,3.70
57,0.0084,0.26,27.31,0.0246,0.75,74.65,0.0012,0.04,3.73
58,0.0083,0.25,27.57,0.0243,0.74,75.39,0.0012,0.04,3.77
59,0.0082,0.25,27.82,0.0241,0.73,76.13,0.0012,0.04,3.81
60,0.0081,0.25,28.07,0.0238,0.72,76.85,0.0012,0.04,3.84
61,0.0080,0.24,28.31,0.0236,0.72,77.57,0.0012,0.04,3.88
62,0.0079,0.24,28.55,0.0233,0.71,78.28,0.0012,0.04,3.91
63,0.0079,0.24,28.79,0.0231,0.70,78.98,0.0012,0.04,3.95
64,0.0078,0.24,29.03,0.0228,0.69,79.68,0.0011,0.03,3.98
65,0.0077,0.23,29.26,0.0226,0.69,80.36,0.0011,0.03,4.02
66,0.0076,0.23,29.49,0.0224,0.68,81.04,0.0011,0.03,4.05
67,0.0075,0.23,29.72,0.0221,0.67,81.72,0.0011,0.03,4.09
68,0.0074,0.23,29.95,0.0219,0.67,82.39,0.0011,0.03,4.12
69,0.0074,0.22,30.17,0.0217,0.66,83.05,0.0011,0.03,4.15
70,0.0073,0.22,30.39,0.0215,0.65,83.70,0.0011,0.03,4.19
71,0.0072,0.22,30.61,0.0213,0.65,84.35,0.0011,0.03,4.22
72,0.0071,0.22,30.83,0.0211,0.64,84.99,0.0011,0.03,4.25
73,0.0071,0.22,31.05,0.0209,0.64,85.63,0.0010,0.03,4.28
74,0.0070,0.21,31.26,0.0207,0.63,86.26,0.0010,0.03,4.31
75,0.0069,0.21,31.47,0.0205,0.63,86.89,0.0010,0.03,4.34
76,0.0069,0.21,31.68,0.0204,0.62,87.51,0.0010,0.03,4.38
77,0.0068,0.21,31.89,0.0202,0.61,88.12,0.0010,0.03,4.41
78,0.0067,0.20,32.09,0.0200,0.61,88.73,0.0010,0.03,4.44
79,0.0067,0.20,32.29,0.0198,0.60,89.33,0.0010,0.03,4.47
80,0.0066,0.20,32.49,0.0197,0.60,89.93,0.0010,0.03,4.50
81,0.0065,0.20,32.69,0.0195,0.59,90.53,0.0010,0.03,4.53
82,0.0065,0.20,32.89,0.0193,0.59,91.12,0.0010,0.03,4.56
83,0.0064,0.20,33.09,0.0192,0.58,91.70,0.0010,0.03,4.58
84,0.0064,0.19,33.28,0.0190,0.58,92.28,0.0010,0.03,4.61
85,0.0063,0.19,33.47,0.0189,0.57,92.85,0.0009,0.03,4.64
86,0.0063,0.19,33.66,0.0187,0.57,93.42,0.0009,0.03,4.67
87,0.0062,0.19,33.85,0.0186,0.57,93.99,0.0009,0.03,4.70
88,0.0062,0.19,34.04,0.0184,0.56,94.55,0.0009,0.03,4.73
89,0.0061,0.19,34.23,0.0183,0.56,95.11,0.0009,0.03,4.76
90,0.0061,0.18,34.41,0.0182,0.55,95.66,0.0009,0.03,4.78
91,0.0060,0.18,34.59,0.0180,0.55,96.21,0.0009,0.03,4.81
92,0.0060,0.18,34.77,0.0179,0.54,96.75,0.0009,0.03,4.84
93,0.0059,0.18,34.95,0.0178,0.54,97.29,0.0009,0.03,4.86
94,0.0059,0.18,35.13,0.0176,0.54,97.83,0.0009,0.03,4.89
95,0.0058,0.18,35.31,0.0175,0.53,98.36,0.0009,0.03,4.92
96,0.0058,0.18,35.49,0.0174,0.53,98.89,0.0009,0.03,4.94
97,0.0057,0.17,35.66,0.0172,0.52,99.42,0.0009,0.03,4.97
98,0.0057,0.17,35.83,0.0171,0.52,99.94,0.0009,0.03,5.00
99,0.0056,0.17,36.00,0.0170,0.52,100.45,0.0009,0.03,5.02
100,0.0056,0.17,36.17,0.0169,0.51,100.97,0.0008,0.03,5.05
101,0.0056,0.17,36.34,0.0168,0.51,101.48,0.0008,0.03,5.07
102,0.0055,0.17,36.51,0.0167,0.51,101.99,0.0008,0.03,5.10
103,0.0055,0.17,36.68,0.0165,0.50,102.49,0.0008,0.03,5.12
104,0.0054,0.17,36.84,0.0164,0.50,102.99,0.0008,0.03,5.15
105,0.0054,0.16,37.01,0.0163,0.50,103.49,0.0008,0.02,5.17
106,0.0054,0.16,37.17,0.0162,0.49,103.98,0.0008,0.02,5.20
107,0.0053,0.16,37.33,0.0161,0.49,104.47,0.0008,0.02,5.22
108,0.0053,0.16,37.49,0.0160,0.49,104.96,0.0008,0.02,5.25
109,0.0052,0.16,37.65,0.0159,0.48,105.44,0.0008,0.02,5.27
110,0.0052,0.16,37.81,0.0158,0.48,105.92,0.0008,0.02,5.30
111,0.0052,0.16,37.97,0.0157,0.48,106.40,0.0008,0.02,5.32
112,0.0051,0.16,38.12,0.0156,0.47,106.87,0.0008,0.02,5.34
113,0.0051,0.16,38.28,0.0155,0.47,107.35,0.0008,0.02,5.37
114,0.0051,0.15,38.43,0.0154,0.47,107.82,0.0008,0.02,5.39
115,0.0050,0.15,38.59,0.0153,0.47,108.28,0.0008,0.02,5.41
116,0.0050,0.15,38.74,0.0152,0.46,108.74,0.0008,0.02,5.44
117,0.0050,0.15,38.89,0.0151,0.46,109.21,0.0008,0.02,5.46
118,0.0049,0.15,39.04,0.0150,0.46,109.66,0.0008,0.02,5.48
119,0.0049,0.15,39.19,0.0150,0.46,110.12,0.0007,0.02,5.51
120,0.0049,0.15,39.34,0.0149,0.45,110.57,0.0007,0.02,5.53
121,0.0048,0.15,39.48,0.0148,0.45,111.02,0.0007,0.02,5.55
122,0.0048,0.15,39.63,0.0147,0.45,111.47,0.0007,0.02,5.57
123,0.0048,0.15,39.78,0.0146,0.44,111.91,0.0007,0.02,5.60
124,0.0047,0.14,39.92,0.0145,0.44,112.35,0.0007,0.02,5.62
125,0.0047,0.14,40.06,0.0144,0.44,112.79,0.0007,0.02,5.64
126,0.0047,0.14,40.21,0.0144,0.44,113.23,0.0007,0.02,5.66
127,0.0047,0.14,40.35,0.0143,0.43,113.67,0.0007,0.02,5.68
128,0.0046,0.14,40.49,0.0142,0.43,114.10,0.0007,0.02,5.70
129,0.0046,0.14,40.63,0.0141,0.43,114.53,0.0007,0.02,5.73
130,0.0046,0.14,40.77,0.0140,0.43,114.96,0.0007,0.02,5.75
131,0.0046,0.14,40.91,0.0140,0.43,115.38,0.0007,0.02,5.77
132,0.0045,0.14,41.04,0.0139,0.42,115.80,0.0007,0.02,5.79
133,0.0045,0.14,41.18,0.0138,0.42,116.22,0.0007,0.02,5.81
134,0.0045,0.14,41.32,0.0137,0.42,116.64,0.0007,0.02,5.83
135,0.0044,0.14,41.45,0.0137,0.42,117.06,0.0007,0.02,5.85
136,0.0044,0.13,41.59,0.0136,0.41,117.47,0.0007,0.02,5.87
137,0.0044,0.13,41.72,0.0135,0.41,117.88,0.0007,0.02,5.89
138,0.0044,0.13,41.85,0.0135,0.41,118.29,0.0007,0.02,5.91
139,0.0043,0.13,41.99,0.0134,0.41,118.70,0.0007,0.02,5.94
140,0.0043,0.13,42.12,0.0133,0.41,119.11,0.0007,0.02,5.96
141,0.0043,0.13,42.25,0.0133,0.40,119.51,0.0007,0.02,5.98
142,0.0043,0.13,42.38,0.0132,0.40,119.91,0.0007,0.02,6.00
143,0.0043,0.13,42.51,0.0131,0.40,120.31,0.0007,0.02,6.02
144,0.0042,0.13,42.64,0.0131,0.40,120.71,0.0007,0.02,6.04
145,0.0042,0.13,42.77,0.0130,0.40,121.10,0.0006,0.02,6.06
146,0.0042,0.13,42.89,0.0129,0.39,121.50,0.0006,0.02,6.07
147,0.0042,0.13,43.02,0.0129,0.39,121.89,0.0006,0.02,6.09
148,0.0041,0.13,43.15,0.0128,0.39,122.28,0.0006,0.02,6.11
149,0.0041,0.13,43.27,0.0127,0.39,122.67,0.0006,0.02,6.13
150,0.0041,0.12,43.40,0.0127,0.39,123.05,0.0006,0.02,6.15
151,0.0041,0.12,43.52,0.0126,0.38,123.44,0.0006,0.02,6.17
152,0.0041,0.12,43.64,0.0125,0.38,123.82,0.0006,0.02,6.19
153,0.0040,0.12,43.77,0.0125,0.38,124.20,0.0006,0.02,6.21
154,0.0040,0.12,43.89,0.0124,0.38,124.58,0.0006,0.02,6.23
155,0.0040,0.12,44.01,0.0124,0.38,124.95,0.0006,0.02,6.25
156,0.0040,0.12,44.13,0.0123,0.37,125.33,0.0006,0.02,6.27
157,0.0040,0.12,44.25,0.0122,0.37,125.70,0.0006,0.02,6.28
158,0.0039,0.12,44.37,0.0122,0.37,126.07,0.0006,0.02,6.30
159,0.0039,0.12,44.49,0.0121,0.37,126.44,0.0006,0.02,6.32
160,0.0039,0.12,44.61,0.0121,0.37,126.81,0.0006,0.02,6.34
161,0.0039,0.12,44.73,0.0120,0.37,127.17,0.0006,0.02,6.36
162,0.0039,0.12,44.84,0.0119,0.36,127.53,0.0006,0.02,6.38
163,0.0038,0.12,44.96,0.0119,0.36,127.90,0.0006,0.02,6.39
164,0.0038,0.12,45.08,0.0118,0.36,128.26,0.0006,0.02,6.41
165,0.0038,0.12,45.19,0.0118,0.36,128.61,0.0006,0.02,6.43
166,0.0038,0.12,45.31,0.0117,0.36,128.97,0.0006,0.02,6.45
167,0.0038,0.11,45.42,0.0116,0.35,129.32,0.0006,0.02,6.47
168,0.0037,0.11,45.54,0.0116,0.35,129.68,0.0006,0.02,6.48
169,0.0037,0.11,45.65,0.0115,0.35,130.03,0.0006,0.02,6.50
170,0.0037,0.11,45.76,0.0115,0.35,130.38,0.0006,0.02,6.52
171,0.0037,0.11,45.87,0.0114,0.35,130.72,0.0006,0.02,6.54
172,0.0037,0.11,45.99,0.0114,0.35,131.07,0.0006,0.02,6.55
173,0.0036,0.11,46.10,0.0113,0.34,131.41,0.0006,0.02,6.57
174,0.0036,0.11,46.21,0.0112,0.34,131.76,0.0006,0.02,6.59
175,0.0036,0.11,46.32,0.0112,0.34,132.10,0.0006,0.02,6.60
176,0.0036,0.11,46.43,0.0111,0.34,132.43,0.0006,0.02,6.62
177,0.0036,0.11,46.54,0.0111,0.34,132.77,0.0006,0.02,6.64
178,0.0036,0.11,46.64,0.0110,0.34,133.11,0.0006,0.02,6.66
179,0.0035,0.11,46.75,0.0110,0.33,133.44,0.0005,0.02,6.67
180,0.0035,0.11,46.86,0.0109,0.33,133.77,0.0005,0.02,6.69
181,0.0035,0.11,46.97,0.0109,0.33,134.10,0.0005,0.02,6.71
182,0.0035,0.11,47.07,0.0108,0.33,134.43,0.0005,0.02,6.72
183,0.0035,0.11,47.18,0.0107,0.33,134.76,0.0005,0.02,6.74
184,0.0035,0.11,47.28,0.0107,0.33,135.08,0.0005,0.02,6.75
185,0.0034,0.10,47.39,0.0106,0.32,135.41,0.0005,0.02,6.77
186,0.0034,0.10,47.49,0.0106,0.32,135.73,0.0005,0.02,6.79
187,0.0034,0.10,47.60,0.0105,0.32,136.05,0.0005,0.02,6.80
188,0.0034,0.10,47.70,0.0105,0.32,136.37,0.0005,0.02,6.82
189,0.0034,0.10,47.80,0.0104,0.32,136.69,0.0005,0.02,6.83
190,0.0034,0.10,47.90,0.0104,0.32,137.00,0.0005,0.02,6.85
191,0.0033,0.10,48.00,0.0103,0.31,137.32,0.0005,0.02,6.87
192,0.0033,0.10,48.11,0.0103,0.31,137.63,0.0005,0.02,6.88
193,0.0033,0.10,48.21,0.0102,0.31,137.94,0.0005,0.02,6.90
194,0.0033,0.10,48.31,0.0102,0.31,138.25,0.0005,0.02,6.91
195,0.0033,0.10,48.41,0.0101,0.31,138.56,0.0005,0.02,6.93
196,0.0033,0.10,48.50,0.0101,0.31,138.86,0.0005,0.02,6.94
197,0.0032,0.10,48.60,0.0100,0.30,139.17,0.0005,0.02,6.96
198,0.0032,0.10,48.70,0.0100,0.30,139.47,0.0005,0.02,6.97
199,0.0032,0.10,48.80,0.0099,0.30,139.78,0.0005,0.02,6.99
200,0.0032,0.10,48.90,0.0099,0.30,140.08,0.0005,0.02,7.00
201,0.0032,0.10,48.99,0.0098,0.30,140.37,0.0005,0.01,7.02
202,0.0032,0.10,49.09,0.0098,0.30,140.67,0.0005,0.01,7.03
203,0.0031,0.10,49.18,0.0097,0.30,140.97,0.0005,0.01,7.05
204,0.0031,0.10,49.28,0.0097,0.29,141.26,0.0005,0.01,7.06
205,0.0031,0.09,49.37,0.0096,0.29,141.56,0.0005,0.01,7.08
206,0.0031,0.09,49.47,0.0096,0.29,141.85,0.0005,0.01,7.09
207,0.0031,0.09,49.56,0.0095,0.29,142.14,0.0005,0.01,7.11
208,0.0031,0.09,49.66,0.0095,0.29,142.43,0.0005,0.01,7.12
209,0.0030,0.09,49.75,0.0094,0.29,142.71,0.0005,0.01,7.14
210,0.0030,0.09,49.84,0.0094,0.29,143.00,0.0005,0.01,7.15
211,0.0030,0.09,49.93,0.0093,0.28,143.28,0.0005,0.01,7.16
212,0.0030,0.09,50.02,0.0093,0.28,143.57,0.0005,0.01,7.18
213,0.0030,0.09,50.11,0.0092,0.28,143.85,0.0005,0.01,7.19
214,0.0030,0.09,50.21,0.0092,0.28,144.13,0.0005,0.01,7.21
215,0.0030,0.09,50.30,0.0092,0.28,144.41,0.0005,0.01,7.22
216,0.0029,0.09,50.38,0.0091,0.28,144.68,0.0005,0.01,7.23
217,0.0029,0.09,50.47,0.0091,0.28,144.96,0.0005,0.01,7.25
218,0.0029,0.09,50.56,0.0090,0.27,145.23,0.0005,0.01,7.26
219,0.0029,0.09,50.65,0.0090,0.27,145.51,0.0004,0.01,7.28
220,0.0029,0.09,50.74,0.0089,0.27,145.78,0.0004,0.01,7.29
221,0.0029,0.09,50.83,0.0089,0.27,146.05,0.0004,0.01,7.30
222,0.0029,0.09,50.91,0.0088,0.27,146.32,0.0004,0.01,7.32
223,0.0028,0.09,51.00,0.0088,0.27,146.59,0.0004,0.01,7.33
224,0.0028,0.09,51.09,0.0088,0.27,146.85,0.0004,0.01,7.34
225,0.0028,0.09,51.17,0.0087,0.27,147.12,0.0004,0.01,7.36
226,0.0028,0.09,51.26,0.0087,0.26,147.38,0.0004,0.01,7.37
227,0.0028,0.08,51.34,0.0086,0.26,147.64,0.0004,0.01,7.38
228,0.0028,0.08,51.43,0.0086,0.26,147.91,0.0004,0.01,7.40
229,0.0028,0.08,51.51,0.0085,0.26,148.17,0.0004,0.01,7.41
230,0.0027,0.08,51.59,0.0085,0.26,148.42,0.0004,0.01,7.42
231,0.0027,0.08,51.68,0.0085,0.26,148.68,0.0004,0.01,7.43
232,0.0027,0.08,51.76,0.0084,0.26,148.94,0.0004,0.01,7.45
233,0.0027,0.08,51.84,0.0084,0.25,149.19,0.0004,0.01,7.46
234,0.0027,0.08,51.92,0.0083,0.25,149.45,0.0004,0.01,7.47
235,0.0027,0.08,52.00,0.0083,0.25,149.70,0.0004,0.01,7.48
236,0.0027,0.08,52.09,0.0082,0.25,149.95,0.0004,0.01,7.50
237,0.0027,0.08,52.17,0.0082,0.25,150.20,0.0004,0.01,7.51
238,0.0026,0.08,52.25,0.0082,0.25,150.45,0.0004,0.01,7.52
239,0.0026,0.08,52.33,0.0081,0.25,150.69,0.0004,0.01,7.53
240,0.0026,0.08,52.41,0.0081,0.25,150.94,0.0004,0.01,7.55