"County","Township","Range","Section","NMA","","","","","",""
"Custer","12N","14W","4","8.0","","","","","",""
"Custer","12N","16W","2","6.0","","","","","",""
"Custer","12N","16W","4","27.8","","","","","",""
"Custer","12N","17W","5","57.4","","","13N-19W","2,504.0","All","635.94%"
"Custer","12N","17W","7","112.6","","","12N-19W","1,663.1","Sections 1-12","422.37%"
"Custer","12N","17W","10","200.7","","","TOTAL","4,167.1","","1058.30%"
"Custer","12N","17W","11","238.0","","","","","",""
"Custer","12N","17W","12","5.4","","","$/NMA"," $ 3,500.00 ","",""
"Custer","12N","18W","4","76.1","","","Proceeds"," $ 14,584,753.62 ","",""
"Custer","12N","18W","10","10.0","","","","","",""
"Custer","12N","18W","19","5.0","","","","","",""
"Custer","12N","18W","30","26.0","","","","","",""
"Custer","12N","18W","33","90.0","","","","","",""
"Custer","12N","19W","3","322.2","","","","","",""
"Custer","12N","19W","4","329.7","","","","","",""
"Custer","12N","19W","9","304.7","","","","","",""
"Custer","12N","19W","10","336.3","","","","","",""
"Custer","12N","19W","11","370.0","","","","","",""
"Custer","12N","19W","15","320.0","","","","","",""
"Custer","12N","19W","26","40.0","","","","","",""
"Custer","12N","19W","27","26.3","","","","","",""
"Custer","12N","19W","30","529.4","","","","","",""
"Custer","12N","19W","31","114.4","","","","","",""
"Custer","12N","19W","32","27.7","","","","","",""
"Custer","12N","19W","33","13.8","","","","","",""
"Custer","12N","19W","34","193.9","","","","","",""
"Custer","12N","19W","35","198.8","","","","","",""
"Custer","13N","16W","19","5.0","","","","","",""
"Custer","13N","17W","6","369.7","","","","","",""
"Custer","13N","17W","7","550.3","","","","","",""
"Custer","13N","18W","1","5.0","","","","","",""
"Custer","13N","18W","3","18.7","","","","","",""
"Custer","13N","18W","4","40.3","","","","","",""
"Custer","13N","18W","5","150.0","","","","","",""
"Custer","13N","18W","6","8.9","","","","","",""
"Custer","13N","18W","7","32.0","","","","","",""
"Custer","13N","18W","8","36.8","","","","","",""
"Custer","13N","18W","12","90.0","","","","","",""
"Custer","13N","18W","19","483.8","","","","","",""
"Custer","13N","18W","24","17.8","","","","","",""
"Custer","13N","18W","25","15.0","","","","","",""
"Custer","13N","18W","26","10.0","","","","","",""
"Custer","13N","18W","27","60.4","","","","","",""
"Custer","13N","18W","29","77.5","","","","","",""
"Custer","13N","18W","30","322.7","","","","","",""
"Custer","13N","18W","31","162.8","","","","","",""
"Custer","13N","18W","33","124.8","","","","","",""
"Custer","13N","18W","34","5.0","","","","","",""
"Custer","13N","19W","2","40.7","","","","","",""
"Custer","13N","19W","3","14.6","","","","","",""
"Custer","13N","19W","6","10.0","","","","","",""
"Custer","13N","19W","9","6.3","","","","","",""
"Custer","13N","19W","10","0.0","","","","","",""
"Custer","13N","19W","14","357.8","","","","","",""
"Custer","13N","19W","15","0.0","","","","","",""
"Custer","13N","19W","16","72.2","","","","","",""
"Custer","13N","19W","20","215.6","","","","","",""
"Custer","13N","19W","21","132.7","","","","","",""
"Custer","13N","19W","22","321.0","","","","","",""
"Custer","13N","19W","23","409.6","","","","","",""
"Custer","13N","19W","24","308.2","","","","","",""
"Custer","13N","19W","26","112.9","","","","","",""
"Custer","13N","19W","27","362.3","","","","","",""
"Custer","13N","19W","30","25.0","","","","","",""
"Custer","13N","19W","31","25.0","","","","","",""
"Custer","13N","19W","33","90.3","","","","","",""
"Custer","13N","19W","34","105.7","","","","","",""
"Custer","13N","19W","36","240.0","","","","","",""
"Custer","14N","16W","20","10.0","","","","","",""
"Custer","14N","17W","1","132.4","","","","","",""
"Custer","14N","17W","12","152.3","","","","","",""
"Custer","14N","17W","20","437.4","","","","","",""
"Custer","14N","17W","29","170.2","","","","","",""
"Custer","14N","17W","34","45.0","","","","","",""
"Custer","14N","18W","4","80.0","","","","","",""
"Custer","14N","18W","7","6.7","","","","","",""
"Custer","14N","18W","13","18.5","","","","","",""
"Custer","14N","18W","15","202.8","","","","","",""
"Custer","14N","18W","19","39.5","","","","","",""
"Custer","14N","18W","22","181.1","","","","","",""
"Custer","14N","18W","23","70.8","","","","","",""
"Custer","14N","18W","24","112.6","","","","","",""
"Custer","14N","18W","25","53.3","","","","","",""
"Custer","14N","18W","26","23.0","","","","","",""
"Custer","14N","18W","30.0","160.0","","","","","",""
"Custer","14N","18W","35.0","7.2","","","","","",""
"Custer","14N","19W","13.0","3.2","","","","","",""
"Custer","15N","17W","5.0","5.0","","","","","",""
"Custer","15N","17W","15.0","480.0","","","","","",""
"Custer","15N","17W","20.0","325.0","","","","","",""
"Custer","15N","17W","22.0","161.1","","","","","",""
"Custer","15N","17W","32.0","12.6","","","","","",""
"Custer","15N","18W","30.0","12.5","","","","","",""
"Custer","15N","19W","11.0","391.4","","","","","",""
"Custer","15N","19W","13.0","253.7","","","","","",""
"Custer","15N","19W","14.0","40.0","","","","","",""
"Custer","15N","19W","24.0","142.8","","","","","",""
"Custer","15N","19W","25.0","320.9","","","","","",""
"Custer","15N","19W","30.0","29.7","","","","","",""
"Custer","15N","19W","32.0","83.8","","","","","",""
"Dewey","17N","16W","33.0","73.3","","","","","",""
"Dewey","17N","20W","26.0","560.0","","","","","",""
"Dewey","17N","20W","35.0","306.7","","","","","",""
"Roger Mills","12N","23W","14.0","15.0","","","","","",""
"Roger Mills","12N","24W","5.0","36.4","","","","","",""
"Roger Mills","13N","23W","5.0","110.4","","","","","",""
"Roger Mills","13N","23W","14.0","68.4","","","","","",""
"Roger Mills","14N","23W","26.0","22.7","","","","","",""
"Roger Mills","14N","23W","28.0","66.1","","","","","",""
"Roger Mills","14N","23W","31.0","10.8","","","","","",""
"Roger Mills","14N","23W","32.0","19.2","","","","","",""
"Roger Mills","14N","23W","33.0","18.7","","","","","",""
"Roger Mills","14N","23W","34.0","4.0","","","","","",""
"Roger Mills","14N","23W","35.0","136.0","","","","","",""
"Roger Mills","14N","24W","2.0","18.7","","","","","",""
"Roger Mills","15N","24W","2.0","15.6","","","","","",""
"Roger Mills","15N","24W","23.0","0.0","","","","","",""
"Roger Mills","15N","24W","27.0","39.8","","","","","",""
"Roger Mills","15N","24W","34.0","0.1","","","","","",""
"Washita","11N","19W","3.0","455.6","","","","","",""
"Washita","11N","19W","4.0","128.3","","","","","",""
"Washita","11N","19W","5.0","246.2","","","","","",""
"Washita","11N","19W","7.0","30.0","","","","","",""
"Washita","11N","19W","8.0","250.4","","","","","",""
"Washita","11N","19W","9.0","205.5","","","","","",""
"Washita","11N","19W","10.0","393.8","","","","","",""
"Washita","11N","19W","16.0","440.2","","","","","",""
"Washita","11N","19W","17.0","85.958","","","","","",""
"Grand Total","","","","17,348.7","","","","","",""