Universal Unit ID,Legacy Unit Number,Cinco Alias,STR North,STR Middle,STR South,STR List,Unit Size (Acres),Formation,County,Operator,Unit Type,Spacing Order,Pooling Order,ID Status,Rank,Cherokee Tier,Total NMA,Lease Count,Calculated WI,Well Count,Well Names
131819WU01,1077,Cinco 1,19-13N-18W,30-13N-18W,31-13N-18W,19-13N-18W; 30-13N-18W; 31-13N-18W,1920,,Custer,CINCO,Drillable,,,provisional,1,1,969.2775,8,0.504832,0,
111903WU01,1065,Cinco 2,3-11N-19W,,10-11N-19W,3-11N-19W; 10-11N-19W,1280,,Washita,CINCO,Drillable,,,provisional,11,1,849.32,5,0.663531,0,
131922WU01,851,Cinco 3,22-13N-19W,27-13N-19W,34-13N-19W,22-13N-19W; 27-13N-19W; 34-13N-19W,1920,,Custer,CINCO,Drillable,,,provisional,4,1,784.8047,9,0.408752,0,
131914WU01,21,Cinco 4,14-13N-19W,,23-13N-19W,14-13N-19W; 23-13N-19W,1280,,Custer,CINCO,Drillable,,,provisional,2,1,748.0786,12,0.584436,0,
151913WU01,A14,Cinco 5,13-15N-19W,24-15N-19W,25-15N-19W,13-15N-19W; 24-15N-19W; 25-15N-19W,1920,,Custer,CINCO,Drillable,,,provisional,7,2,717.37,43,0.37363,0,
172026WU01,A40,Cinco 6,26-17N-20W,,35-17N-20W,26-17N-20W; 35-17N-20W,1280,,Dewey,,Drillable,,,provisional,,,866.6667,4,0.677083,0,
121903WU01,852,Cinco 7,3-12N-19W,,10-12N-19W,3-12N-19W; 10-12N-19W,1280,,Custer,CINCO,Drillable,,,provisional,6,1,658.538,5,0.514483,0,
111909WU01,1066,Cinco 8,9-11N-19W,,16-11N-19W,9-11N-19W; 16-11N-19W,1280,,Washita,CINCO,Drillable,,,provisional,10,1,645.72,5,0.504469,0,
121930WU01,1075,Cinco 9,30-12N-19W,,31-12N-19W,30-12N-19W; 31-12N-19W,1280,,Custer,CINCO,Drillable,,,provisional,8,2,643.81,9,0.502977,0,
151715WU01,902,Cinco 10,15-15N-17W,,22-15N-17W,15-15N-17W; 22-15N-17W,1280,,Custer,CINCO,Drillable,,,provisional,3,3,641.1,10,0.500859,0,
121904WU01,1072,Cinco 11,4-12N-19W,,9-12N-19W,4-12N-19W; 9-12N-19W,1249.62,,Custer,CINCO,Drillable,,,provisional,5,1,634.56,7,0.507802,0,
141720WU01,1080,Cinco 12,20-14N-17W,,29-14N-17W,20-14N-17W; 29-14N-17W,1280,,Custer,CINCO,Drillable,,,provisional,13,3,597.57,44,0.466852,0,
131706WU01,651,Cinco 13,6-13N-17W,,7-13N-17W,6-13N-17W; 7-13N-17W,1280,,Custer,CINCO,Drillable,,,provisional,12,2,715.1403,4,0.558703,0,
151902WU01,648,Cinco 14,2-15N-19W,,11-15N-19W,2-15N-19W; 11-15N-19W,1280,,Custer,CINCO,Potential Drillable,,,provisional,3,2,391.42,16,0.305797,0,
141815WU01,A26,Cinco 15,15-14N-18W,,22-14N-18W,15-14N-18W; 22-14N-18W,1280,,Custer,CINCO,Drillable,,,provisional,9,2,382.2167,11,0.298607,0,
121902WU01,1070,Cinco 16,2-12N-19W,,11-12N-19W,2-12N-19W; 11-12N-19W,1280,,Custer,CINCO,Potential Drillable,,,provisional,1,1,370,2,0.289063,0,
111908WU01,1067,Cinco 17,8-11N-19W,,17-11N-19W,8-11N-19W; 17-11N-19W,1280,,Washita,CINCO,Potential Drillable,,,provisional,9,2,336.32,4,0.26275,0,
151717WU01,1085,Cinco 18,17-15N-17W,,20-15N-17W,17-15N-17W; 20-15N-17W,1280,,Custer,CINCO,Potential Drillable,,,provisional,4,3,325,11,0.253906,0,
121915WU01,1076,Cinco 19,15-12N-19W,,22-12N-19W,15-12N-19W; 22-12N-19W,1280,,Custer,CINCO,Potential Drillable,,,provisional,2,1,320,2,0.25,0,
131913WU01,640,Cinco 20,13-13N-19W,,24-13N-19W,13-13N-19W; 24-13N-19W,1280,,Custer,UNKNOWN,Non-Op,,,provisional,,,308.278,4,0.240842,0,
141701WU01,522,Cinco 21,1-14N-17W,12-14N-17W,13-14N-17W,1-14N-17W; 12-14N-17W; 13-14N-17W,1920,,Custer,ANTHEM,Potential Drillable,,,provisional,,,284.7219,2,0.148293,0,
121932WU01,4,Cinco 22,32-12N-19W,,5-11N-19W,32-12N-19W; 5-11N-19W,1280,,Custer,CRAWLEY,Potential Drillable,,,provisional,8,2,273.87,4,0.213961,0,
131925WU01,638,Cinco 23,25-13N-19W,,36-13N-19W,25-13N-19W; 36-13N-19W,1280,,Custer,UNKNOWN,Non-Op,,,provisional,,,240,5,0.1875,0,
121926WU01,11,Cinco 24,26-12N-19W,,35-12N-19W,26-12N-19W; 35-12N-19W,1280,,Custer,CRAWLEY,Non-Op,,,provisional,,,238.8,6,0.186563,0,
131917WU01,1078,Cinco 25,17-13N-19W,,20-13N-19W,17-13N-19W; 20-13N-19W,1280,,Custer,,Non-Op,,,provisional,,,207.4037,5,0.162034,0,
121927WU01,12,Cinco 26,27-12N-19W,,34-12N-19W,27-12N-19W; 34-12N-19W,1280,,Custer,CRAWLEY,Non-Op,,,provisional,,,208.6498,6,0.163008,0,
131916WU01,53,Cinco 27,16-13N-19W,,21-13N-19W,16-13N-19W; 21-13N-19W,1280,,Custer,NADEL & GUSSMAN,Non-Op,,,provisional,,,200.393,7,0.156557,0,
121933WU01,5,Cinco 28,33-12N-19W,,4-11N-19W,33-12N-19W; 4-11N-19W,1280,,Custer,CRAWLEY,Non-Op,,,provisional,,,142.12,4,0.111031,0,
142335WU01,1117,Cinco 29,35-14N-23W,,2-13N-23W,35-14N-23W; 2-13N-23W,1280,,Roger Mills,CRAWLEY,Non-Op,,,provisional,,,135.9991,1,0.106249,1,BEATY 1-2-35CHX
142332WU01,A31,Cinco 30,32-14N-23W,,5-13N-23W,32-14N-23W; 5-13N-23W,1280,,Roger Mills,MEWBOURNE,Non-Op,,,provisional,,,129.628,2,0.101272,0,
131828WU01,A36,Cinco 31,28-13N-18W,,33-13N-18W,28-13N-18W; 33-13N-18W,1280,,Custer,,Non-Op,,,provisional,,,124.719,2,0.097437,0,
121706WU01,1334,Cinco 32,6-12N-17W,7-12N-17W,18-12N-17W,6-12N-17W; 7-12N-17W; 18-12N-17W,1920,,Custer,TERRITORY,Non-Op,,2025-003404T,provisional,,,112.66,2,0.058677,1,WF CALL 6-7-18 1HXX
131926WU01,573,Cinco 33,26-13N-19W,,35-13N-19W,26-13N-19W; 35-13N-19W,1280,,Custer,UNKNOWN,Non-Op,,,provisional,,,109.6773,3,0.085685,0,
131928WU01,627,Cinco 34,28-13N-19W,,33-13N-19W,28-13N-19W; 33-13N-19W,1280,,Custer,UNKNOWN,Non-Op,,,provisional,,,90.283,2,0.070534,0,
121828WU01,A35,Cinco 35,28-12N-18W,,33-12N-18W,28-12N-18W; 33-12N-18W,1280,Cherokee,Custer,CRAWLEY,Non-Op,2025-002951,,provisional,,,90,1,0.070313,0,
142328WU01,45,Cinco 36,28-14N-23W,,33-14N-23W,28-14N-23W; 33-14N-23W,1280,,Roger Mills,CRAWLEY,Non-Op,,,provisional,,,84.84,2,0.066281,0,
151932WU01,1145,Cinco 37,32-15N-19W,,5-14N-19W,32-15N-19W; 5-14N-19W,1280,,Custer,DUNCAN,Non-Op,,,provisional,,,83.8,1,0.065469,0,
132311WU01,28,Cinco 38,11-13N-23W,,14-13N-23W,11-13N-23W; 14-13N-23W,1280,,Roger Mills,CRAWLEY,Non-Op,,,provisional,,,68.4,1,0.053438,1,BEATY 1-2-11-14CHX
121804WU01,A34,Cinco 39,4-12N-18W,,9-12N-18W,4-12N-18W; 9-12N-18W,1280,,Custer,,Potential Drillable,,,provisional,,,71.08,3,0.055531,0,
141814WU01,1083,Cinco 40,14-14N-18W,,23-14N-18W,14-14N-18W; 23-14N-18W,1280,,Custer,CINCO,Potential Drillable,,,provisional,6,2,66.2945,6,0.051793,0,
141813WU01,A15,Cinco 41,13-14N-18W,,24-14N-18W,13-14N-18W; 24-14N-18W,1280,,Custer,UNKNOWN,Non-Op,,,provisional,7,2,91.121,5,0.071188,0,
131902WU01,1308,Cinco 42,2-13N-19W,,11-13N-19W,2-13N-19W; 11-13N-19W,1280,,Custer,NADEL & GUSSMAN,Non-Op,,,provisional,,,40.7,1,0.031797,0,
131829WU01,A38,Cinco 43,29-13N-18W,,32-13N-18W,29-13N-18W; 32-13N-18W,1280,,Custer,TERRITORY,Non-Op,,,provisional,,,58.75,2,0.045898,1,JOSHUA DEETS 29-32 1HX
151914WU01,19,Cinco 44,14-15N-19W,,23-15N-19W,14-15N-19W; 23-15N-19W,1280,,Custer,ROCKIES,Non-Op,,,provisional,,,40,1,0.03125,0,
152427WU01,60,Cinco 45,27-15N-24W,,34-15N-24W,27-15N-24W; 34-15N-24W,1280,,Roger Mills,CRAWLEY,Non-Op,,,provisional,,,39.915,3,0.031184,1,SKY KING 2-21-27-34CHX
111906WU01,A33,Cinco 47,6-11N-19W,,7-11N-19W,6-11N-19W; 7-11N-19W,1280,,Washita,,Non-Op,,,provisional,,,30,1,0.023438,0,
151930WU01,587,Cinco 48,30-15N-19W,,31-15N-19W,30-15N-19W; 31-15N-19W,1280,,Custer,MEWBOURNE,Non-Op,,,provisional,,,24.8045,1,0.019379,1,WANDA 30/31 DM 1H
142314WU01,A32,Cinco 49,14-14N-23W,23-14N-23W,26-14N-23W,14-14N-23W; 23-14N-23W; 26-14N-23W,1920,,Roger Mills,MEWBOURNE,Non-Op,2025-004082,,provisional,,,22.657,1,0.011801,0,
131906WU01,1195,Cinco 50,6-13N-19W,,7-13N-19W,6-13N-19W; 7-13N-19W,1280,,Custer,NADEL & GUSSMAN,Non-Op,,,provisional,,,20.4,1,0.015938,1,QUETZAL 1-6-7XHR
141834WU01,649,Cinco 51,34-14N-18W,,3-13N-18W,34-14N-18W; 3-13N-18W,1280,,Custer,DUNCAN,Non-Op,,,provisional,,,18.67,2,0.014586,0,
162435WU01,234,Cinco 52,35-16N-24W,,2-15N-24W,35-16N-24W; 2-15N-24W,1280,,Roger Mills,SANDRIDGE,Assigned Out,,,confirmed,,,0,0,0,2,GRAYS PEAK 1524 1-2H35H; GRAYS PEAK 1524 2-2H35H
131903WU01,A37,Cinco 53,3-13N-19W,,34-14N-19W,3-13N-19W; 34-14N-19W,1280,,Custer,REDHAWK,Non-Op,,,provisional,,,14.6,1,0.011406,0,
142331WU01,27,Cinco 54,31-14N-23W,,6-13N-23W,31-14N-23W; 6-13N-23W,1280,,Roger Mills,CRAWLEY,Non-Op,,,provisional,,,10.81,1,0.008445,0,
121819WU01,57,Cinco 55,19-12N-18W,,30-12N-18W,19-12N-18W; 30-12N-18W,1280,,Custer,CRAWLEY,Non-Op,,,provisional,,,20.8733,4,0.016307,0,
151819WU01,1333,Cinco 56,19-15N-18W,,30-15N-18W,19-15N-18W; 30-15N-18W,1280,,Custer,,Non-Op,,,provisional,,,11.25,2,0.008789,0,
131904WU01,440,Cinco 57,4-13N-19W,,9-13N-19W,4-13N-19W; 9-13N-19W,1280,,Custer,NADEL & GUSSMAN,Non-Op,,,provisional,,,10,1,0.007813,1,PUFFIN 1-4-9XH
142334WU01,30,Cinco 59,34-14N-23W,,3-13N-23W,34-14N-23W; 3-13N-23W,1280,,Roger Mills,CRAWLEY,Non-Op,,,provisional,,,4.013,1,0.003135,1,JAMES 1-3-34CHX
131805WU01,1312,Cinco 60,5-13N-18W,,8-13N-18W,5-13N-18W; 8-13N-18W,1280,,Custer,UNKNOWN,Non-Op,,,provisional,,,93.4,2,0.072969,0,
141825WU01,708,Cinco 61,25-14N-18W,,36-14N-18W,25-14N-18W; 36-14N-18W,1280,,Custer,UNKNOWN,Non-Op,,,provisional,,,53.34,2,0.041672,1,EAGAN 1-36.25H
131801WU01,715,Cinco 62,1-13N-18W,,12-13N-18W,1-13N-18W; 12-13N-18W,1280,,Custer,ANTHEM,Non-Op,,,provisional,,,47.5,2,0.037109,1,EAGAN 1-1.12H
141727WU01,64,Cinco 63,27-14N-17W,,34-14N-17W,27-14N-17W; 34-14N-17W,1280,,Custer,ANTHEM,Non-Op,,,provisional,,,22.5,1,0.017578,1,MACHO MAN 3J 1-2734H
131804WU01,650,Cinco 64,4-13N-18W,,9-13N-18W,4-13N-18W; 9-13N-18W,1280,,Custer,,Non-Op,,,provisional,,,20.1575,1,0.015748,0,
141819WU01,A7,Cinco 65,19-14N-18W,30-14N-18W,31-14N-18W,19-14N-18W; 30-14N-18W; 31-14N-18W,1920,,Custer,,Non-Op,,,provisional,,,99.7624,2,0.05196,0,
132433WU01,A1,Cinco 66,33-13N-24W,,5-12N-24W,33-13N-24W; 5-12N-24W,1280,,Roger Mills,,Non-Op,,,provisional,,,18.2087,1,0.014226,0,
141826WU01,A27,Cinco 67,26-14N-18W,,35-14N-18W,26-14N-18W; 35-14N-18W,1280,,Custer,,Non-Op,,,provisional,5,2,15.1111,2,0.011806,0,
142402WU01,32,Cinco 68,2-14N-24W,,11-14N-24W,2-14N-24W; 11-14N-24W,1280,,Roger Mills,UPLAND,Non-Op,,,provisional,,,9.3278,1,0.007287,0,
151729WU01,987,Cinco 69,29-15N-17W,,32-15N-17W,29-15N-17W; 32-15N-17W,1280,,Washita,,Non-Op,,,provisional,,,6.2857,1,0.004911,0,
131806WU01,865,Cinco 70,6-13N-18W,7-13N-18W,18-13N-18W,6-13N-18W; 7-13N-18W; 18-13N-18W,1920,,Custer,KAISER FRANCIS,Non-Op,,,provisional,,,20.4444,2,0.010648,0,
121404WU01,A30,Cinco 71,4-12N-14W,,9-12N-14W,4-12N-14W; 9-12N-14W,1280,,Blaine,,Non-Op,,,provisional,,,4,1,0.003125,0,
141807WU01,13,Cinco 72,7-14N-18W,,18-14N-18W,7-14N-18W; 18-14N-18W,1280,,Custer,DUNCAN,Non-Op,,2024-004000,provisional,,,3.3333,1,0.002604,0,
141912WU01,558,Cinco 73,12-14N-19W,,13-14N-19W,12-14N-19W; 13-14N-19W,1280,,Custer,DUNCAN,Non-Op,,,provisional,,,1.6138,1,0.001261,1,TOPAZ 1-13HX(R)
